{"cameraMode":{"drawMode":0,"name":"Shaded","section":"Shading Mode"},"sceneLighting":false,"audioPlay":false,"sceneViewState":{"showFog":true,"showMaterialUpdate":false,"showSkybox":false,"showFlares":true,"showImageEffects":true,"showParticleSystems":true},"in2DMode":false,"pivot":{"x":-0.0024995803833007814,"y":0.5358659029006958,"z":7.0},"rotation":{"x":-0.17302995920181275,"y":0.06849190592765808,"z":-0.011994763277471066,"w":-0.9825405478477478},"size":3.393004894256592,"orthographic":false}