{"cameraMode":{"drawMode":0,"name":"Shaded","section":"Shading Mode"},"sceneLighting":true,"audioPlay":false,"sceneViewState":{"showFog":true,"showMaterialUpdate":false,"showSkybox":true,"showFlares":true,"showImageEffects":true,"showParticleSystems":true},"in2DMode":false,"pivot":{"x":273.2872314453125,"y":763.800537109375,"z":20.529541015625},"rotation":{"x":-0.004186046775430441,"y":0.017706403508782388,"z":-0.00003292483961558901,"w":1.000054955482483},"size":615.3399047851563,"orthographic":false}