{"cameraMode":{"drawMode":0,"name":"Shaded","section":"Shading Mode"},"sceneLighting":true,"audioPlay":false,"sceneViewState":{"showFog":true,"showMaterialUpdate":false,"showSkybox":false,"showFlares":true,"showImageEffects":true,"showParticleSystems":true},"in2DMode":false,"pivot":{"x":-3.2794625759124758,"y":-0.034706950187683108,"z":-5.604846000671387},"rotation":{"x":-0.3689582347869873,"y":0.09236529469490051,"z":-0.036790698766708377,"w":-0.9242352843284607},"size":1.134413480758667,"orthographic":false}