{"cameraMode":{"drawMode":0,"name":"Shaded","section":"Shading Mode"},"sceneLighting":false,"audioPlay":false,"sceneViewState":{"showFog":true,"showMaterialUpdate":false,"showSkybox":false,"showFlares":true,"showImageEffects":true,"showParticleSystems":true},"in2DMode":false,"pivot":{"x":523.9971313476563,"y":1187.7327880859375,"z":-76.9365234375},"rotation":{"x":0.14085477590560914,"y":0.01070053968578577,"z":-0.0017149252817034722,"w":0.9901285171508789},"size":1468.604736328125,"orthographic":false}