{"cameraMode":{"drawMode":0,"name":"Shaded","section":"Shading Mode"},"sceneLighting":true,"audioPlay":false,"sceneViewState":{"showFog":true,"showMaterialUpdate":false,"showSkybox":false,"showFlares":true,"showImageEffects":true,"showParticleSystems":true},"in2DMode":false,"pivot":{"x":-3.1493794918060304,"y":0.4456062316894531,"z":-5.708094596862793},"rotation":{"x":0.04576325789093971,"y":0.84194016456604,"z":-0.07247801870107651,"w":0.5329028964042664},"size":2.246986150741577,"orthographic":false}