{"cameraMode":{"drawMode":0,"name":"Shaded","section":"Shading Mode"},"sceneLighting":true,"audioPlay":false,"sceneViewState":{"showFog":true,"showMaterialUpdate":false,"showSkybox":false,"showFlares":true,"showImageEffects":true,"showParticleSystems":true},"in2DMode":false,"pivot":{"x":-0.3295241594314575,"y":0.4927629828453064,"z":-1.8037991523742676},"rotation":{"x":0.1887688934803009,"y":-0.09826146066188812,"z":0.0186211746186018,"w":0.9770650267601013},"size":1.0807781219482422,"orthographic":false}